{
	"Manifest": {
		"ID": "Andys.Weneg.ControlPack",
		"Version": "5.4.0.0"
	},
	"Types": {
    "ClassTypes": [{
        "ID": "Andys.Weneg.ControlPack.ConnectionSetting",
		"BaseType": "CasedDimensions.Weneg.Types.BaseConnectionSettings",
        "Icon": "CasedDimensions.Weneg.Types.BaseConnectionSettings.ImageReferences.ConnectionStringIcon",
        "Properties": [
		  {
            "ID": "Andys.Weneg.ControlPack.ConnectionSetting.Id",
            "DataType": "key",
            "Type": "",
            "DefaultValue": "",
            "IsRequired": "true",
            "Ordinal": "0"
          },
          {
            "ID": "Andys.Weneg.ControlPack.ConnectionSetting.Name",
            "DataType": "string",
            "Type": "",
            "DefaultValue": "",
            "IsRequired": "true",
            "Ordinal": "2"
          },
          {
            "ID": "Andys.Weneg.ControlPack.ConnectionSetting.Connection",
            "DataType": "single",
            "Type": "Andys.Weneg.ControlPack.Connection",
            "DefaultValue": "",
            "IsRequired": "true",
            "Ordinal": "3",
            "Options": ["ui-show-content"]
          }
        ]
      },
      {
        "ID": "Andys.Weneg.ControlPack.Connection",
        "BaseType": "Andys.Weneg.ControlPack.ConnectionSettingItem",
        "Properties": [
		  {
            "ID": "Andys.Weneg.ControlPack.Connection.Id",
            "DataType": "key",
            "Type": "",
            "DefaultValue": "",
            "IsRequired": "true",
            "Ordinal": "0"
          },
          {
            "ID": "Andys.Weneg.ControlPack.Connection.ServerUrl",
            "DataType": "string",
            "Type": "",
            "DefaultValue": "",
            "IsRequired": "true",
            "Ordinal": "1"
          },
          {
            "ID": "Andys.Weneg.ControlPack.Connection.UserName",
            "DataType": "string",
            "Type": "",
            "DefaultValue": "",
            "IsRequired": "true",
            "Ordinal": "2",
            "Options": ["ui-validator-email"]
          },
          {
            "ID": "Andys.Weneg.ControlPack.Connection.Password",
            "DataType": "password",
            "Type": "",
            "DefaultValue": "",
            "IsRequired": "true",
            "Ordinal": "3"
          },
		  {
            "ID": "Andys.Weneg.ControlPack.Connection.Port",
            "DataType": "string",
            "Type": "",
            "DefaultValue": "587",
            "IsRequired": "false",
            "Ordinal": "4"
          },
          {
            "ID": "Andys.Weneg.ControlPack.Connection.SSL",
            "DataType": "string",
            "Type": "",
            "DefaultValue": "",
            "IsRequired": "false",
            "Ordinal": "5"
          }
        ]
      },
	  {
        "ID": "Andys.Weneg.ControlPack.Email.CreateEmail",
        "Properties": [
			{
				"ID": "Andys.Weneg.ControlPack.Email.ToAddress",
				"DataType": "string",
				"Type": "$SYSVAR$",
				"DefaultValue": "",
				"IsRequired": "true",
				"Ordinal": "2",
				"RenderOptions": ["variabletypeconstraint:string"]
			},
			{
				"ID": "Andys.Weneg.ControlPack.Email.FromAddress",
				"DataType": "string",
				"Type": "$SYSVAR$",
				"DefaultValue": "",
				"IsRequired": "true",
				"Ordinal": "3",
				"RenderOptions": ["variabletypeconstraint:string"]
			},
			{
				"ID": "Andys.Weneg.ControlPack.Email.Subject",
				"DataType": "string",
				"Type": "$SYSVAR$",
				"DefaultValue": "",
				"IsRequired": "true",
				"Ordinal": "4",
				"RenderOptions": ["variabletypeconstraint:string"]
			},
			{
				"ID": "Andys.Weneg.ControlPack.Email.MessageBody",
				"DataType": "string",
				"Type": "$SYSVAR$",
				"DefaultValue": "",
				"IsRequired": "true",
				"Ordinal": "5",
				"RenderOptions": ["variabletypeconstraint:string"]
			}
		]
      }
    ]
	},
	"Toolbox": {
		"Categories": [{
			"ID": "Andys.Weneg.ControlPack.Category",
			"Icon": "Andys.Weneg.ControlPack.EmailControlPack.ImageReferences.CatIcon"
		}],
		"Controls": [{
			"ID": "Andys.Weneg.ControlPack.Email",
			"Category": "Andys.Weneg.ControlPack.Category",
			"Icon": "Andys.Weneg.ControlPack.EmailControlPack.ImageReferences.EmailIco",
			"Assembly": "Andys.Weneg.ControlPack.Assembly",
			"HandlerName": "Andys.Weneg.ControlPack.EmailTaskHandler",
			"CanvasItem": 
			{
				"CanReceive": "true",
				"CanSend": "true"
			},
			"Properties": [
				{
					"ID": "Andys.Weneg.ControlPack.Email.Conn",
					"DataType": "connectionobject",
					"Type": "Andys.Weneg.ControlPack.ConnectionSetting/Andys.Weneg.ControlPack.ConnectionSetting.Connection",
					"DefaultValue": "",
					"IsRequired": "true",
					"Ordinal": "1",
					"RenderOptions": ["ui-string-encrypt"]
				},
				{
					"ID": "Andys.Weneg.ControlPack.Email.CreateEmail.Send",
					"DataType": "single",
					"Type": "Andys.Weneg.ControlPack.Email.CreateEmail",
					"DefaultValue": "",
					"IsRequired": "true",
					"Ordinal": "2"				
				}
			]
		}]
	},
	"Presentation": {
		"ImageReferences": [{
			"ID": "Andys.Weneg.ControlPack.EmailControlPack.ImageReferences.EmailIco",
			"Source": "Andys.Weneg.ControlPack.EmailControlPack.Images.EmailIcon"
		}, 
		{
			"ID": "Andys.Weneg.ControlPack.EmailControlPack.ImageReferences.CatIcon",
			"Source": "Andys.Weneg.ControlPack.EmailControlPack.Images.CategoryIcon"
		},
		{
			"ID": "CasedDimensions.Weneg.Types.BaseConnectionSettings.ImageReferences.ConnectionStringIcon",
			"Source": "CasedDimensions.Weneg.Types.BaseConnectionSettings.Images.ConnectionStringIcon"
		}	
		],
		"LanguagePacks": [{
			"Locale": "ENU",
			"Default": "true",
			"DisplayStrings": [
				{
					"ID": "Andys.Weneg.ControlPack",
					"DisplayName": "Andys Control Pack",
					"Description": "Andys Control Pack"
				},
				{
					"ID": "Andys.Weneg.ControlPack.Category",
					"DisplayName": "Andys Control Pack - Email"
				},
				{
					"ID": "Andys.Weneg.ControlPack.Email.CreateEmail",
					"DisplayName": "Create Email"
				},
				{
					"ID": "Andys.Weneg.ControlPack.Email.CreateEmail.Send",
					"DisplayName": "Create Email"
				},
				{
					"ID": "Andys.Weneg.ControlPack.Email",
					"DisplayName": "Email"
				},
				{
					"ID": "Andys.Weneg.ControlPack.Email.ToAddress",
					"DisplayName": "To Address"
				},
				{
					"ID": "Andys.Weneg.ControlPack.Email.FromAddress",
					"DisplayName": "From Address"
				},
				{
					"ID": "Andys.Weneg.ControlPack.Email.Subject",
					"DisplayName": "Email Subject"
				},
				{
					"ID": "Andys.Weneg.ControlPack.Email.MessageBody",
					"DisplayName": "Body"
				},
				{
				  "ID": "Andys.Weneg.ControlPack.ConnectionSetting",
				  "DisplayName": "Email Settings"
				},
				{
				  "ID": "Andys.Weneg.ControlPack.ConnectionSetting.Name",
				  "DisplayName": "Name"
				},
				{
				  "ID": "Andys.Weneg.ControlPack.ConnectionSetting.Connection",
				  "DisplayName": "Connection Settings"
				},
				{
				  "ID": "Andys.Weneg.ControlPack.Connection",
				  "DisplayName": "Connection"
				},
				{
				  "ID": "Andys.Weneg.ControlPack.Connection.ServerUrl",
				  "DisplayName": "Server Address/URL"
				},
				{
				  "ID": "Andys.Weneg.ControlPack.Connection.UserName",
				  "DisplayName": "User name"
				},
				{
				  "ID": "Andys.Weneg.ControlPack.Connection.Password",
				  "DisplayName": "Password"
				},
				{
				  "ID": "Andys.Weneg.ControlPack.Connection.SSL",
				  "DisplayName": "Use SSL?"
				},
				{
				  "ID": "Andys.Weneg.ControlPack.Email.Conn",
				  "DisplayName": "Server"
				},
				{
				  "ID": "Andys.Weneg.ControlPack.Connection.Port",
				  "DisplayName": "Port"
				}
			]
		}]
	},
	"Resources": {
		"Assemblies": [{
			"ID": "Andys.Weneg.ControlPack.Assembly",
			"FileName": "Assemblies/Andys.Weneg.ControlPack.dll",
			"QualifiedName": "Andys.Weneg.ControlPack, 1.0.0.0",
			"Dependencies": [{
					"ID": "Andys.Weneg.ControlPack.Assemblies.Dependency.PluginSdk",
					"FileName": "Assemblies/CasedDimensions.Weneg.Plugin.dll",
					"QualifiedName": "CasedDimensions.Weneg.Plugin, Version=1.0.0.0, Culture=neutral, PublicKeyToken=null",
					"Version": "1.0.0.0"
				},
				{
					"ID": "Andys.Weneg.ControlPack.Assemblies.Dependency.PluginExtensionSdk",
					"FileName": "Assemblies/CasedDimensions.Weneg.Plugin.Extensions.dll",
					"QualifiedName": "CasedDimensions.Weneg.Plugin.Extensions, Version=1.0.0.0, Culture=neutral, PublicKeyToken=null",
					"Version": "1.0.0.0"
				},
				{
					"ID": "Andys.Weneg.ControlPack.Assemblies.Dependency.NewtonsoftJson",
					"FileName": "Assemblies/Newtonsoft.Json.dll",
					"QualifiedName": "Newtonsoft.Json, Version=11.0.0.0, Culture=neutral, PublicKeyToken=30ad4fe6b2a6aeed",
					"Version": "11.0.0.0"
				}
			]
		}],
		"Images": [{
				"ID": "Andys.Weneg.ControlPack.EmailControlPack.Images.EmailIcon",
				"FileName": "Images/Email-01.svg",
				"AltFileName": "Images/Email.png"
			},
			{
				"ID": "CasedDimensions.Weneg.Types.BaseConnectionSettings.Images.ConnectionStringIcon",
				"FileName": "Images/crm_bw-01.png",
				"AltFileName": "Images/crm_bw-01.svg"
			},
			{
				"ID": "Andys.Weneg.ControlPack.EmailControlPack.Images.CategoryIcon",
				"FileName": "Images/Activity-01.png",
				"AltFileName": "Images/Activity-01.svg"
			}
		]
	}
}